{"month_2": -0.01595381021234268, "month_3": 0.0010139366684205051, "month_4": 0.008367095810750461, "month_5": 0.006059861146461441, "month_6": -0.023371305125307395, "month_7": 7.476819456779446e-17, "month_9": -0.0063068963456521495, "month_10": 0.003235897614587137, "month_11": 0.007668910587189426, "month_12": 0.0033200945889714888, "effectif": 0.7377410499027868, "repas_noel": 0.05499820576027992, "poisson": 0.00747821650872528, "viande": -0.036814936984181285, "4_derniers_jours": -0.07131155862231928}